{
  "plugins/llms-choreographer/scripts/companion.mjs": 1776886830.9033465,
  "plugins/llms-choreographer/scripts/tests/check-all.test.mjs": 1776857600.576117,
  "plugins/llms-choreographer/scripts/tests/parse-opencode.test.mjs": 1776886830.9036515,
  "plugins/llms-choreographer/scripts/tests/vote.test.mjs": 1776857887.8637168,
  "plugins/llms-choreographer/scripts/tests/second-opinion-fallback.test.mjs": 1776857887.6495192,
  "plugins/llms-choreographer/scripts/tests/strip-flags.test.mjs": 1776850969.9775207,
  "plugins/llms-choreographer/scripts/tests/min-agents.test.mjs": 1776857887.2724936,
  "plugins/llms-choreographer/scripts/tests/json-output.test.mjs": 1776857888.0744169,
  "plugins/llms-choreographer/scripts/tests/helpers/fake-agents.mjs": 1776850969.977098,
  "plugins/claude/scripts/companion.mjs": 1776886830.9019077,
  "plugins/codex/scripts/companion.mjs": 1776837923.462255,
  "plugins/opencode/scripts/companion.mjs": 1776857233.2155006,
  "README.md": 1776887190.9302526,
  "learn/260422-init/summary.md": 1776841760.94933,
  "plugins/llms-choreographer/commands/vote.md": 1776886830.9031482,
  "plugins/llms-choreographer/commands/debug.md": 1776886830.9026206,
  "plugins/llms-choreographer/commands/council.md": 1776886830.9024682,
  "plugins/llms-choreographer/commands/review.md": 1776886830.902781,
  "plugins/llms-choreographer/commands/second-opinion.md": 1776886830.9030185,
  "plugins/claude/commands/setup.md": 1776837923.3727667,
  "plugins/claude/commands/run.md": 1776886830.9017444,
  "plugins/claude/commands/review.md": 1776886830.901611,
  "plugins/codex/commands/setup.md": 1776886830.9022958,
  "plugins/codex/commands/run.md": 1776886830.9021282,
  "plugins/codex/commands/review.md": 1776837923.4365819,
  "plugins/opencode/commands/setup.md": 1776837923.6205802,
  "plugins/opencode/commands/run.md": 1776886830.9041924,
  "plugins/opencode/commands/review.md": 1776886830.9039266,
  "docs/codebase-summary.md": 1776887211.9980395,
  "docs/project-overview-pdr.md": 1776861864.0449765,
  "docs/delegation.md": 1776861813.4440227,
  "graphify-out/GRAPH_REPORT.md": 1776887273.3626015,
  "for-codex/vote/SKILL.md": 1776886830.9014504,
  "for-codex/parallel-debug/SKILL.md": 1776886830.9009988,
  "for-codex/council/SKILL.md": 1776886830.9007506,
  "for-codex/parallel-review/SKILL.md": 1776886830.90114,
  "for-codex/claude/SKILL.md": 1776886830.9006271,
  "for-codex/second-opinion/SKILL.md": 1776886830.9013045,
  "for-codex/opencode/SKILL.md": 1776886830.9008794,
  "llms/context/session-summary.md": 1776850978.3857281
}