{
  "plugin-claude/scripts/companion.mjs": 1776898302.8446279,
  "plugin-claude/src/entry.mjs": 1776894192.0937874,
  "core/runners.mjs": 1776896875.64903,
  "core/parsers.mjs": 1776897158.465779,
  "core/companion.mjs": 1776897081.3540118,
  "core/tests/check-all.test.mjs": 1776893560.5560822,
  "core/tests/parse-opencode.test.mjs": 1776893560.5608838,
  "core/tests/vote.test.mjs": 1776893560.565374,
  "core/tests/second-opinion-fallback.test.mjs": 1776893560.5623598,
  "core/tests/strip-flags.test.mjs": 1776893560.5638158,
  "core/tests/min-agents.test.mjs": 1776893560.5593352,
  "core/tests/json-output.test.mjs": 1776893560.5577562,
  "core/tests/helpers/fake-agents.mjs": 1776893554.5219665,
  "bin/install.mjs": 1776898342.1229942,
  "plugin-opencode/src/entry.mjs": 1776894348.6116934,
  "scripts/check-bundles.mjs": 1776898371.888937,
  "scripts/bundle.mjs": 1776894427.5803776,
  "plugin-codex/scripts/companion.mjs": 1776898302.8477259,
  "plugin-codex/src/entry.mjs": 1776894262.779278,
  "README.md": 1776894851.203918,
  "CLAUDE.md": 1777113442.9480515,
  "plugin-claude/commands/vote.md": 1776894191.678001,
  "plugin-claude/commands/parallel-debug.md": 1776894191.2683976,
  "plugin-claude/commands/parallel-review.md": 1776894191.0648334,
  "plugin-claude/commands/codex.md": 1776894190.4457085,
  "plugin-claude/commands/council.md": 1776894190.8532944,
  "plugin-claude/commands/opencode.md": 1776894190.6484957,
  "plugin-claude/commands/claude.md": 1776894190.2339163,
  "plugin-claude/commands/second-opinion.md": 1776894191.472119,
  "plugin-claude/skills/choreo/SKILL.md": 1776894191.8900607,
  "learn/260423-update/summary.md": 1776895700.5101266,
  "docs/codebase-summary.md": 1776895928.2980268,
  "docs/deployment-guide.md": 1776895667.5664194,
  "docs/system-architecture.md": 1776895613.629401,
  "docs/project-overview-pdr.md": 1776895928.2983482,
  "docs/delegation.md": 1776895928.2982042,
  "docs/testing-guide.md": 1776895640.0299609,
  "graphify-out/GRAPH_REPORT.md": 1777113726.0077548,
  "predict/260423-10348-quality/overview.md": 1776896404.7259028,
  "predict/260423-10348-quality/hypothesis-queue.md": 1776896421.615445,
  "predict/260423-10348-quality/findings.md": 1776896405.0546088,
  "llms/context/session-summary.md": 1776899472.5319233,
  "plugin-codex/skills/vote/SKILL.md": 1776894291.6426818,
  "plugin-codex/skills/parallel-debug/SKILL.md": 1776894291.173711,
  "plugin-codex/skills/council/SKILL.md": 1776894289.9315202,
  "plugin-codex/skills/parallel-review/SKILL.md": 1776894290.9370596,
  "plugin-codex/skills/claude/SKILL.md": 1776894290.2302485,
  "plugin-codex/skills/codex/SKILL.md": 1776894290.4688175,
  "plugin-codex/skills/second-opinion/SKILL.md": 1776894291.406148,
  "plugin-codex/skills/opencode/SKILL.md": 1776894290.7010145,
  "plugin-codex/skills/debug/SKILL.md": 1776894291.8736799,
  "debug/260423-0429-bugs/summary.md": 1776898182.2752547,
  "debug/260423-0429-bugs/findings.md": 1776898172.7630274
}